<?xml version="1.0" encoding="UTF-8"?> 
<project>                                  
  <executable name="smart home 1.elf">                 
    <memory name="program">              
      <units>bytes</units>                 
      <length>32768</length>                 
      <used>4700</used>                     
      <free>28068</free>                     
    </memory>                              
    <memory name="data">                 
      <units>bytes</units>                 
      <length>2048</length>                 
      <used>272</used>                     
      <free>1776</free>                     
    </memory>                              
  </executable>                            
</project>                                 
